{
  "m1": {
    "scenario": "m1-50sites",
    "siteCount": 50,
    "ticks": 100,
    "runs": 5,
    "p50": 0.7270390000012412,
    "p95": 20.56757800000014,
    "p99": 27.216700999999375
  },
  "m9": {
    "scenario": "m9-250sites",
    "siteCount": 250,
    "ticks": 100,
    "runs": 5,
    "p50": 8.082298000001174,
    "p95": 224.47120500000165,
    "p99": 253.17722000000504
  },
  "capturedAt": "2026-05-11T15:58:22.653Z"
}
