{
  "m1": {
    "scenario": "m1-50sites",
    "siteCount": 50,
    "ticks": 100,
    "runs": 5,
    "p50": 1.0301280000021507,
    "p95": 31.335408999999345,
    "p99": 38.96437499999956
  },
  "m9": {
    "scenario": "m9-250sites",
    "siteCount": 250,
    "ticks": 100,
    "runs": 5,
    "p50": 15.28206300000602,
    "p95": 415.6984369999991,
    "p99": 473.0656639999943
  },
  "capturedAt": "2026-05-17T11:27:31.314Z"
}
