{
  "m1": {
    "scenario": "m1-50sites",
    "siteCount": 50,
    "ticks": 100,
    "runs": 5,
    "p50": 0.9574339999999211,
    "p95": 27.081026999998357,
    "p99": 33.88498099999924
  },
  "m9": {
    "scenario": "m9-250sites",
    "siteCount": 250,
    "ticks": 100,
    "runs": 5,
    "p50": 8.891390000004321,
    "p95": 242.6504249999998,
    "p99": 309.7916150000019
  },
  "capturedAt": "2026-05-09T11:07:50.024Z"
}
