{
  "m1": {
    "scenario": "m1-50sites",
    "siteCount": 50,
    "ticks": 100,
    "runs": 5,
    "p50": 0.5002180000001317,
    "p95": 13.5135250000003,
    "p99": 14.706762000000708
  },
  "m9": {
    "scenario": "m9-250sites",
    "siteCount": 250,
    "ticks": 100,
    "runs": 5,
    "p50": 5.828136000000086,
    "p95": 202.37646900000254,
    "p99": 225.72082699999737
  },
  "capturedAt": "2026-05-08T15:32:24.354Z"
}
