{
  "m1": {
    "scenario": "m1-50sites",
    "siteCount": 50,
    "ticks": 100,
    "runs": 5,
    "p50": 0.9330849999987549,
    "p95": 26.918644999999742,
    "p99": 32.2497629999998
  },
  "m9": {
    "scenario": "m9-250sites",
    "siteCount": 250,
    "ticks": 100,
    "runs": 5,
    "p50": 8.659896000004665,
    "p95": 235.79329100000177,
    "p99": 310.90585700000156
  },
  "capturedAt": "2026-05-09T05:53:42.592Z"
}
